City,Cloudiness,Country,Date,Humidity,Lat,Lng,Max Temp,Wind Speed
Cabo San Lucas,57,MX,1632001931,71,22.8909,-109.9124,92.8,10.51
Vaini,75,TO,1632002209,94,-21.2,-175.2,75.36,6.91
Nemuro,83,JP,1632002210,94,43.3236,145.575,59.23,16.44
Mataura,100,NZ,1632002210,92,-46.1927,168.8643,44.47,4.79
Bluff,100,NZ,1632002210,78,-46.6,168.3333,44.8,12.08
Punta Arenas,20,CL,1632002211,57,-53.15,-70.9167,50.11,11.5
Ushuaia,20,AR,1632002211,57,-54.8,-68.3,44.26,0.0
Butaritari,14,KI,1632002212,69,3.0707,172.7902,83.01,17.16
Nanortalik,100,GL,1632002212,94,60.1432,-45.2371,40.91,10.04
Puerto Ayora,82,EC,1632002213,90,-0.7393,-90.3518,80.56,7.0
East London,0,ZA,1632002213,69,-33.0153,27.9116,61.0,22.5
Gorontalo,98,ID,1632002214,91,0.5412,123.0595,75.34,3.87
Busselton,70,AU,1632002214,90,-33.65,115.3333,53.04,5.77
Calabozo,83,VE,1632002215,66,8.9242,-67.4293,83.34,2.86
Gemena,82,CD,1632002215,97,3.25,19.7667,69.84,1.3
Lebu,11,CL,1632002215,69,-37.6167,-73.65,51.93,10.85
Nikolskoye,100,RU,1632002216,81,59.7035,30.7861,45.01,6.91
Albany,51,US,1632002216,73,42.6001,-73.9662,77.14,10.04
Port Hardy,90,CA,1632002217,93,50.6996,-127.4199,51.98,5.75
Avera,100,US,1632002217,62,33.194,-82.5271,84.74,0.43
Paso de los Toros,0,UY,1632002217,82,-32.8167,-56.5167,61.14,5.46
Hermanus,29,ZA,1632002218,73,-34.4187,19.2345,56.89,3.31
Pīlibhīt,6,IN,1632002218,94,28.6333,79.8,76.1,5.19
Rikitea,39,PF,1632002219,74,-23.1203,-134.9692,73.04,10.4
Ylöjärvi,90,FI,1632002219,78,61.5563,23.5961,45.5,3.44
New Norfolk,100,AU,1632002220,74,-42.7826,147.0587,53.92,1.99
Kiryat Gat,0,IL,1632001921,68,31.61,34.7642,76.82,5.44
Pevek,100,RU,1632002220,69,69.7008,170.3133,30.56,15.12
Tasiilaq,66,GL,1632002221,68,65.6145,-37.6368,28.18,4.32
Gamba,100,GA,1632002221,82,-2.65,10.0,75.6,6.04
Saint-Philippe,82,RE,1632002221,84,-21.3585,55.7679,67.59,16.22
Belen,0,TR,1632002222,69,36.4891,36.2233,69.03,4.59
Atuona,5,PF,1632002222,78,-9.8,-139.0333,77.81,18.28
Naples,0,IT,1632002223,80,40.8333,14.25,75.81,2.3
Tuktoyaktuk,90,CA,1632002223,100,69.4541,-133.0374,41.0,3.44
Thunder Bay,75,CA,1632002224,56,48.4001,-89.3168,67.98,13.8
Chui,6,UY,1632002224,97,-33.6971,-53.4616,58.68,6.85
Jamestown,43,US,1632002225,74,42.097,-79.2353,76.08,7.05
Kruisfontein,65,ZA,1632002225,75,-34.0033,24.7314,57.88,13.67
Lüderitz,31,NA,1632002226,88,-26.6481,15.1594,54.36,5.86
Laguna,20,US,1632002226,54,38.421,-121.4238,84.31,5.99
Yellowknife,75,CA,1632002227,43,62.456,-114.3525,52.32,18.41
Korāput,100,IN,1632002227,93,18.8167,82.7167,68.77,2.08
Hasaki,100,JP,1632002227,80,35.7333,140.8333,72.0,28.12
Qui Nhon,100,VN,1632002228,88,13.7667,109.2333,76.8,5.79
Tuatapere,100,NZ,1632002228,85,-46.1333,167.6833,44.82,8.01
Taltal,100,CL,1632002229,72,-25.4,-70.4833,60.71,6.6
Warri,95,NG,1632002229,92,5.5167,5.75,76.05,3.42
Laas,31,IT,1632002230,92,46.6166,10.7002,60.62,1.05
Kyshtovka,100,RU,1632002230,88,56.555,76.6271,39.61,6.87
Mombasa,20,KE,1632002230,83,-4.0547,39.6636,77.41,5.75
Eureka,44,US,1632001947,86,40.8021,-124.1637,71.67,5.01
Andra,100,RU,1632002231,96,62.5147,65.8878,32.81,18.63
Esteio,75,BR,1632002232,81,-29.8614,-51.1792,72.27,3.0
Bredasdorp,67,ZA,1632002232,87,-34.5322,20.0403,54.28,3.44
Kudahuvadhoo,79,MV,1632002233,77,2.6708,72.8944,81.9,7.99
Marsá Maţrūḩ,0,EG,1632002233,83,31.3525,27.2453,77.2,6.91
Barrow,100,US,1632002234,84,71.2906,-156.7887,33.13,6.53
Kaitangata,100,NZ,1632002234,62,-46.2817,169.8464,48.52,4.83
Kapaa,91,US,1632002234,59,22.0752,-159.319,81.12,5.01
Ahipara,38,NZ,1632002235,61,-35.1667,173.1667,57.15,3.96
Avarua,20,CK,1632002235,65,-21.2078,-159.775,80.65,16.11
Lompoc,20,US,1632002236,69,34.6391,-120.4579,77.14,8.01
Qaanaaq,91,GL,1632002236,72,77.484,-69.3632,12.36,6.04
Sioux Lookout,75,CA,1632002237,42,50.1001,-91.917,68.38,10.36
Marsabit,88,KE,1632002237,46,2.3284,37.9899,71.04,19.75
Lapeer,1,US,1632002051,49,43.0514,-83.3188,79.34,5.75
Faanui,28,PF,1632002238,74,-16.4833,-151.75,78.24,19.91
Rio Grande,33,BR,1632002238,92,-32.035,-52.0986,64.51,8.01
Kochevo,100,RU,1632002239,78,59.5994,54.3125,36.01,11.01
Yar-Sale,100,RU,1632002239,98,66.8333,70.8333,33.46,23.44
Beringovskiy,70,RU,1632002240,65,63.05,179.3167,48.61,2.3
Mar del Plata,0,AR,1632002240,77,-38.0023,-57.5575,57.22,12.66
Shimoda,100,JP,1632002240,91,34.6667,138.95,75.99,14.52
Nam Phong,31,TH,1632002241,90,16.7023,102.8557,79.12,2.21
Bairiki Village,40,KI,1632002241,78,1.3292,172.9752,82.4,10.36
Kamaishi,31,JP,1632002242,82,39.2667,141.8833,66.0,3.71
Souillac,75,MU,1632002242,78,-20.5167,57.5167,70.18,3.44
Upernavik,20,GL,1632002243,57,72.7868,-56.1549,21.72,5.66
Vestmannaeyjar,84,IS,1632002243,87,63.4427,-20.2734,51.55,18.12
Foumban,100,CM,1632002243,96,5.7291,10.9001,63.45,3.74
Paso de Carrasco,90,UY,1632002244,100,-34.8603,-56.0522,57.65,12.66
Winneba,99,GH,1632002244,92,5.3511,-0.6231,77.47,4.83
Bethanien,40,NA,1632002245,36,-26.502,17.1583,56.79,7.38
Ribeira Grande,54,PT,1632002245,67,38.5167,-28.7,68.47,11.1
Karachi,37,PK,1632002246,74,24.9056,67.0822,84.02,9.22
Tiksi,100,RU,1632002246,80,71.6872,128.8694,34.07,17.09
Okahandja,0,NA,1632002246,24,-21.9833,16.9167,73.71,7.16
Ancud,45,CL,1632002247,72,-41.8697,-73.8203,51.33,6.04
Maniitsoq,4,GL,1632002247,54,65.4167,-52.9,36.25,2.68
Bandarbeyla,66,SO,1632002248,78,9.4942,50.8122,79.38,27.81
Pacific Grove,3,US,1632002248,71,36.6177,-121.9166,80.58,5.01
Wagga Wagga,1,AU,1632002249,100,-35.1167,147.3667,48.6,0.0
Hong Kong,91,HK,1632002249,84,22.2855,114.1577,85.32,11.43
Madera,0,US,1632001977,22,37.1666,-119.8343,87.98,8.97
Nova Olímpia,5,BR,1632002250,16,-14.7972,-57.2881,92.3,3.91
Hilo,90,US,1632002155,74,19.7297,-155.09,81.28,3.44
Bambous Virieux,75,MU,1632002251,78,-20.3428,57.7575,70.05,3.44
Nouadhibou,86,MR,1632002251,89,20.931,-17.0347,78.78,11.5
Abu Dhabi,0,AE,1632001953,66,24.4667,54.3667,91.42,3.44
Concepción del Oro,2,MX,1632002252,24,24.6333,-101.4167,76.03,7.72
Saint Paul Harbor,0,US,1632002252,52,57.79,-152.4072,52.09,8.79
Alofi,4,NU,1632002252,78,-19.0595,-169.9187,82.29,11.5
George Town,40,MY,1632002253,92,5.4112,100.3354,77.9,2.3
Aklavik,90,CA,1632002253,81,68.2191,-135.0107,46.4,3.44
Tessalit,3,ML,1632002254,10,20.1986,1.0114,94.3,8.37
Marawi,73,PH,1632002254,90,7.9986,124.2928,64.65,3.18
Manas,90,RU,1632002254,82,42.7275,47.6785,65.57,6.71
Longyearbyen,75,SJ,1632002255,76,78.2186,15.6401,48.04,16.11
Saint Anthony,1,US,1632002255,36,45.0205,-93.218,80.29,5.99
Nārāyanpet,100,IN,1632002256,78,16.7333,77.5,75.51,4.41
Hithadhoo,51,MV,1632002256,74,-0.6,73.0833,82.65,5.99
Hobart,75,AU,1632002049,67,-42.8794,147.3294,54.27,8.99
Taldan,1,RU,1632002257,80,53.6667,124.8,34.16,3.24
Meulaboh,100,ID,1632002257,98,4.1363,96.1285,73.98,6.17
Terney,12,RU,1632002258,68,45.0503,136.6092,52.92,8.05
Pimentel,0,PE,1632002258,64,-6.8367,-79.9342,68.29,18.41
Bam,0,IR,1632002258,8,29.106,58.357,83.5,4.61
Severo-Kuril'sk,100,RU,1632002259,90,50.6789,156.125,52.23,13.71
Arraial do Cabo,40,BR,1632002259,83,-22.9661,-42.0278,73.36,5.75
São Filipe,57,CV,1632002260,84,14.8961,-24.4956,78.93,8.93
Vila,7,PT,1632002260,83,42.0304,-8.1588,52.34,3.53
Acajutla,63,SV,1632002261,76,13.5928,-89.8275,83.84,5.77
Esperance,99,AU,1632002261,88,-33.8667,121.9,53.44,12.15
Tehri,5,IN,1632002261,94,30.3833,78.4833,71.8,2.21
Port Lincoln,22,AU,1632002262,72,-34.7333,135.8667,55.72,19.26
Juegang,0,CN,1632002262,90,32.3174,121.1855,69.24,8.34
Quelimane,75,MZ,1632002263,78,-17.8786,36.8883,73.35,5.75
Olinda,40,BR,1632002263,69,-8.0089,-34.8553,76.73,14.97
Trofors,100,NO,1632002264,75,65.5333,13.4063,51.15,4.54
Butka,39,RU,1632002264,90,56.7179,63.7866,35.44,9.84
Goundam,19,ML,1632002264,22,16.4145,-3.6708,97.54,4.99
Pringsewu,56,ID,1632002265,91,-5.3582,104.9744,72.1,1.79
Cape Town,0,ZA,1632002265,73,-33.9258,18.4232,60.89,7.0
Massakory,47,TD,1632002266,53,12.996,15.7293,85.62,6.33
Codrington,100,AU,1632002266,77,-38.2667,141.9667,52.79,20.67
Karratha,0,AU,1632002267,38,-20.7377,116.8463,70.99,7.05
Mayo,3,US,1632002267,77,38.8876,-76.5119,87.26,4.0
Mount Isa,12,AU,1632002267,43,-20.7333,139.5,73.17,10.36
Dhankutā,96,NP,1632002268,92,26.9833,87.3333,67.8,0.85
kimparana,65,ML,1632002268,65,12.8347,-4.9244,80.73,5.86
Havelock,39,US,1632002269,71,34.8791,-76.9013,84.97,1.99
Zinder,81,NE,1632002269,28,13.8072,8.9881,91.49,9.15
Namatanai,63,PG,1632002270,73,-3.6667,152.4333,83.28,9.64
Kinwat,88,IN,1632002270,80,19.6333,78.2,75.27,1.81
‘Āhuimanu,62,US,1632002271,63,21.4447,-157.8378,83.86,20.33
Villaviciosa,8,ES,1632002271,73,43.4813,-5.4357,62.22,5.97
Yumen,30,CN,1632002271,32,40.2833,97.2,63.57,10.76
Tselinnoye,54,RU,1632002272,65,53.0833,85.6667,43.23,3.58
Omsukchan,99,RU,1632002272,87,62.5333,155.8,41.22,5.61
Saskylakh,61,RU,1632002273,97,71.9167,114.0833,22.82,2.26
Castro,54,BR,1632002273,76,-24.7911,-50.0119,68.14,2.44
Tambacounda,20,SN,1632002274,89,13.7539,-13.7586,82.45,0.0
Comodoro Rivadavia,40,AR,1632002274,76,-45.8667,-67.5,48.06,6.91
Kibala,0,TD,1632002274,94,9.1104,18.3463,76.95,0.0
Izyaslav,100,UA,1632002275,89,50.1195,26.8213,52.2,6.15
Vostok,2,RU,1632002275,80,46.4856,135.8833,41.02,3.33
Provideniya,2,RU,1632002276,84,64.3833,-173.3,46.49,7.58
Berëzovka,100,BY,1632002276,95,53.7214,25.4993,42.76,13.53
Kahului,40,US,1632002012,74,20.8947,-156.47,82.42,20.71
Chokurdakh,70,RU,1632002277,80,70.6333,147.9167,28.72,5.19
Saint George,59,US,1632002277,70,37.1041,-113.5841,81.07,6.58
San Cristobal,86,VE,1632002278,84,7.7669,-72.225,80.78,3.87
Airai,89,TL,1632002278,52,-8.9266,125.4092,58.35,3.0
Phan Thiet,100,VN,1632002278,87,10.9333,108.1,77.25,2.55
Gigmoto,100,PH,1632002279,93,13.7796,124.39,77.7,3.47
Laurinburg,97,US,1632002279,82,34.7741,-79.4628,88.05,4.61
Ponta do Sol,43,PT,1632002280,70,32.6667,-17.1,72.72,7.94
Kigoma,75,TZ,1632002280,94,-4.8769,29.6267,72.19,0.0
Óbidos,27,BR,1632002281,56,-1.9175,-55.5181,84.54,4.18
Roald,90,NO,1632002281,87,62.5833,6.1333,57.33,4.61
Isangel,75,VU,1632002281,73,-19.55,169.2667,75.31,9.22
Puerto del Rosario,20,ES,1632002282,73,28.5004,-13.8627,74.95,13.8
Honiara,76,SB,1632002282,72,-9.4333,159.95,84.34,10.02
Mahébourg,75,MU,1632002283,78,-20.4081,57.7,70.09,3.44
Middleton,71,GB,1632002283,76,53.55,-2.2,65.44,3.87
Orlik,97,RU,1632002284,63,52.5178,99.825,45.28,2.13
Matagami,90,CA,1632002284,76,49.7502,-77.6328,53.71,5.75
Dingle,72,PH,1632002285,90,10.9995,122.6711,76.1,2.53
Thompson,90,CA,1632002285,55,55.7435,-97.8558,59.16,6.91
Ilebo,96,CD,1632002286,92,-4.3167,20.5833,70.92,1.34
Iaçu,2,BR,1632002286,58,-12.7672,-40.2117,75.11,11.5
Itarema,4,BR,1632002287,80,-2.9248,-39.9167,78.73,16.15
Hibbing,28,US,1632002287,38,47.4272,-92.9377,72.9,10.78
College,46,US,1632002288,56,64.8569,-147.8028,45.59,1.01
Moyale,88,KE,1632002288,44,3.5167,39.0584,75.11,12.21
Eyl,52,SO,1632002289,81,7.9803,49.8164,78.76,9.08
Bosaso,8,SO,1632002289,55,11.2842,49.1816,89.24,3.31
Kirakira,82,SB,1632002289,78,-10.4544,161.9205,82.49,12.95
San Patricio,61,US,1632002290,53,28.017,-97.5169,97.52,12.48
Alikalia,100,SL,1632002290,96,9.1667,-11.4,71.15,2.1
Amurzet,97,RU,1632002291,58,47.6967,131.0981,48.42,3.74
Mucurapo,32,TT,1632002291,76,10.6667,-61.5333,84.25,7.38
Pyaozerskiy,100,RU,1632002291,77,65.8333,31.1667,41.31,3.4
Half Moon Bay,75,US,1632002292,70,37.4636,-122.4286,81.81,13.8
Kidal,0,ML,1632002292,15,18.4411,1.4078,92.62,7.0
Aripuanã,55,BR,1632002293,52,-9.1667,-60.6333,84.16,1.05
Wilmington,93,US,1632002129,74,34.2257,-77.9447,83.97,7.29
Kyzyl-Suu,0,KG,1632002293,25,42.3414,78.0056,59.59,7.76
Thurso,52,GB,1632002294,93,58.5927,-3.5259,55.65,8.88
Norman Wells,75,CA,1632002294,66,65.282,-126.8329,51.84,14.97
Amuntai,59,ID,1632002295,93,-2.4177,115.2494,68.49,1.28
Laramie,18,US,1632002295,15,41.3114,-105.5911,84.09,5.01
Salaga,100,GH,1632002295,88,8.5508,-0.5188,75.65,5.55
Broome,95,US,1632002296,84,42.2506,-75.833,73.8,1.99
Port Keats,76,AU,1632002296,77,-14.25,129.55,77.88,2.06
Yenagoa,78,NG,1632002297,93,4.9247,6.2642,75.4,3.44
Puerto Colombia,18,CO,1632002019,81,10.9878,-74.9547,87.89,19.28
Mount Gambier,90,AU,1632002297,93,-37.8333,140.7667,49.91,11.5
Kalabo,88,ZM,1632002298,26,-14.97,22.6814,82.4,12.01
Husavik,100,IS,1632002298,86,66.0449,-17.3389,46.31,9.48
Carnarvon,0,AU,1632002299,67,-24.8667,113.6333,59.07,16.11
Geraldton,0,AU,1632002300,93,-28.7667,114.6,45.01,3.44
Yuzhno-Sukhokumsk,72,RU,1632002300,68,44.6581,45.6436,62.06,11.01
Nuuk,0,GL,1632002022,66,64.1835,-51.7216,37.69,9.64
Mirny,99,RU,1632002029,78,62.5353,113.9611,35.13,2.93
San Quintín,16,MX,1632002301,66,30.4833,-115.95,73.26,18.12
Ayan,47,RU,1632002301,58,56.45,138.1667,46.36,16.71
Khatanga,0,RU,1632002302,76,71.9667,102.5,27.7,12.1
Altamont,100,US,1632002302,88,42.2068,-121.7372,55.4,1.01
Chicama,32,PE,1632002302,71,-7.8447,-79.1469,61.34,9.48
Bethel,23,US,1632002303,74,41.3712,-73.414,81.88,4.61
Hofn,86,IS,1632002303,92,64.2539,-15.2082,51.3,8.99
Port Elizabeth,75,ZA,1632002304,72,-33.918,25.5701,61.09,19.57
San Ramon,57,US,1632002070,68,37.7799,-121.978,79.81,4.0
Port Alfred,23,ZA,1632002305,70,-33.5906,26.891,60.94,31.47
Norsup,66,VU,1632002305,78,-16.0667,167.3833,79.29,16.15
Obregon,100,NI,1632002306,83,11.9566,-85.9636,87.89,8.52
Cintalapa,67,MX,1632002306,80,16.6951,-93.7272,80.67,6.4
Wanxian,100,CN,1632002306,94,30.8039,108.3897,72.73,9.37
Necochea,68,AR,1632002307,83,-38.5473,-58.7368,57.04,10.6
Fortuna,40,US,1632002307,67,40.5982,-124.1573,71.42,3.0
Zaysan,0,KZ,1632002308,71,47.4667,84.8667,48.52,5.35
Dubovka,82,RU,1632002308,53,49.0583,44.829,54.55,11.56
Ginda,76,IN,1632002308,92,30.6945,78.4932,65.34,2.26
Salalah,98,OM,1632002309,88,17.0151,54.0924,79.45,5.21
Asău,72,RO,1632002309,68,46.4333,26.4,57.96,4.83
Atambua,61,ID,1632002310,78,-9.1061,124.8925,70.88,4.34
Maragogi,13,BR,1632002310,82,-9.0122,-35.2225,73.94,9.04
Bongouanou,100,CI,1632002311,99,6.6486,-4.1992,71.28,2.64
Kenai,6,US,1632002311,53,60.5544,-151.2583,56.03,6.78
Ciudad Bolivar,100,VE,1632002312,60,8.1222,-63.5497,85.17,0.49
Causapscal,72,CA,1632002313,67,48.3542,-67.227,62.94,5.68
Aketi,100,CD,1632002313,99,2.7388,23.7833,70.38,2.33
Caravelas,3,BR,1632002314,84,-17.7125,-39.2481,70.77,5.95
Huilong,0,CN,1632002314,84,31.8111,121.655,71.98,9.62
Ubá,17,BR,1632002315,35,-21.12,-42.9428,81.19,4.79
Dikson,11,RU,1632002315,76,73.5069,80.5464,34.18,25.64
Mocuba,95,MZ,1632002315,70,-16.8392,36.9856,70.18,5.7
Yulara,0,AU,1632002316,62,-25.2406,130.9889,51.64,5.75
Abbeville,27,FR,1632002311,76,50.1,1.8333,62.69,6.6
North Myrtle Beach,97,US,1632002316,79,33.816,-78.68,84.49,5.01
Wanning,2,CN,1632002317,87,18.8003,110.3967,78.21,4.29
Jumla,95,NP,1632002317,97,29.2747,82.1838,62.58,1.19
Korla,0,CN,1632002318,25,41.7597,86.1469,70.65,4.54
Barcelos,12,PT,1632002231,86,41.5388,-8.6151,62.92,6.55
Sucúa,40,EC,1632002319,50,-2.4667,-78.1667,83.14,5.75
Toowoomba,32,AU,1632002319,66,-27.55,151.9667,66.25,1.88
Marsh Harbour,73,BS,1632002320,67,26.5412,-77.0636,83.57,5.77
Zhezkazgan,92,KZ,1632002437,44,47.8043,67.7144,50.85,11.27
Dunedin,100,NZ,1632002372,61,-45.8742,170.5036,49.8,10.0
Cherskiy,14,RU,1632002438,66,68.75,161.3,32.14,13.73
Ilulissat,0,GL,1632002438,54,69.2167,-51.1,24.82,3.44
Kamsack,11,CA,1632002439,14,51.5667,-101.9009,89.89,16.02
Viedma,100,AR,1632002440,55,-40.8135,-62.9967,54.84,8.28
Sistranda,100,NO,1632002441,77,63.7256,8.834,55.9,10.6
Atherton,72,GB,1632002442,80,53.5237,-2.4935,65.75,1.99
São João da Barra,7,BR,1632002443,79,-21.6403,-41.0511,74.07,15.14
Oistins,18,BB,1632002444,71,13.0667,-59.5333,81.75,8.52
Ardakān,0,IR,1632002445,14,32.31,54.0175,79.54,9.17
Sokolo,7,ML,1632002446,45,14.7328,-6.1219,87.71,6.73
Stephenville,40,US,1632002446,36,32.2207,-98.2023,95.09,12.66
Bonavista,71,CA,1632002447,89,48.6499,-53.1147,60.51,19.77
Valparaíso,0,CL,1632002198,59,-33.0393,-71.6273,64.04,11.5
Mikuni,87,JP,1632002448,81,36.2171,136.1519,71.65,18.79
Mishkino,10,RU,1632002449,89,55.3389,63.9175,34.2,13.13
Narsaq,100,GL,1632002450,91,60.9167,-46.05,41.22,1.81
Bathsheba,13,BB,1632002450,73,13.2167,-59.5167,81.73,9.26
Tombouctou,11,ML,1632002451,11,20.0,-3.0,96.17,9.95
Udachny,43,RU,1632002452,94,66.4167,112.4,26.74,2.3
South Sioux City,0,US,1632002247,42,42.4739,-96.4136,88.95,5.99
Safaga,0,EG,1632002452,47,26.7292,33.9365,84.33,7.43
Bengkulu,85,ID,1632002453,90,-3.8004,102.2655,75.33,8.7
Belaya Gora,100,RU,1632002454,81,68.5333,146.4167,29.98,14.52
Gusau,12,NG,1632002455,78,12.1628,6.6614,77.63,9.98
Imeni Poliny Osipenko,95,RU,1632002456,58,52.4201,136.4853,45.07,4.74
Dauriya,5,RU,1632002456,78,49.9333,116.8667,37.4,2.13
Naze,79,JP,1632002457,69,28.3667,129.4833,72.52,4.25
Kieta,75,PG,1632002458,79,-6.2167,155.6333,81.64,4.09
Kurumkan,50,RU,1632002459,67,54.3,110.3,43.27,2.1
Carnduff,0,CA,1632002460,10,49.1667,-101.8009,92.89,15.84
Gizo Government Station,87,SB,1632002460,76,-8.103,156.8419,82.49,8.7
Vila Franca do Campo,88,PT,1632002461,75,37.7167,-25.4333,66.61,6.55
Yilan,5,TW,1632002462,92,24.757,121.753,81.82,2.86
Trairi,1,BR,1632002367,80,-3.2778,-39.2689,78.71,12.55
Katsuura,99,JP,1632002463,87,35.1333,140.3,73.51,26.87
Grand Gaube,36,MU,1632002463,87,-20.0064,57.6608,69.39,5.41
Santa Maria,33,BR,1632002464,95,-29.6842,-53.8069,65.14,5.5
Palauig,20,PH,1632002464,77,15.435,119.9045,80.33,3.58
Oxbow,0,CA,1632002465,9,49.2333,-102.1676,92.86,15.23
Maués,77,BR,1632002465,59,-3.3836,-57.7186,84.42,4.68
Taylorville,1,US,1632002466,40,39.5489,-89.2945,92.01,6.91
San Miguel de Tucumán,75,AR,1632002467,35,-26.8241,-65.2226,80.55,3.38
Malm,100,NO,1632002468,75,64.0721,11.2172,55.8,3.11
Crib Point,91,AU,1632002468,74,-38.35,145.2,53.35,25.28
Port-Gentil,100,GA,1632002468,79,-0.7193,8.7815,77.34,13.56
Srednekolymsk,59,RU,1632002469,65,67.45,153.6833,32.7,17.2
Klaksvík,100,FO,1632002469,90,62.2266,-6.589,54.52,20.67
Arrondissement de Blois,100,FR,1632002470,97,47.5833,1.3333,61.18,6.82
Clyde River,90,CA,1632002470,73,70.4692,-68.5914,30.54,7.31
Pozo Colorado,69,PY,1632002471,25,-23.4923,-58.7972,92.77,3.83
Salekhard,100,RU,1632002471,80,66.53,66.6019,34.61,27.29
Atar,100,MR,1632002472,36,20.5169,-13.0499,87.46,12.77
Labuhan,92,ID,1632002472,83,-6.8844,112.2051,76.69,6.53
Rawson,6,AR,1632002347,45,-43.3002,-65.1023,54.79,11.39
Oytal,0,KZ,1632002473,28,42.9057,73.2697,68.13,4.23
Madimba,21,TZ,1632002473,92,-10.4,40.3333,71.56,7.99
Touros,10,BR,1632002474,73,-5.1989,-35.4608,77.67,18.61
Kavieng,37,PG,1632002474,76,-2.5744,150.7967,83.55,14.63
Olafsvik,100,IS,1632002475,90,64.8945,-23.7142,43.59,15.77
Río Gallegos,97,AR,1632002475,78,-51.6226,-69.2181,42.78,12.12
Lavrentiya,35,RU,1632002476,74,65.5833,-171.0,43.2,2.62
Flinders,0,AU,1632002476,69,-34.5833,150.8552,59.05,1.01
Margate,99,GB,1632002477,85,51.3813,1.3862,64.69,6.64
Tambura,95,SS,1632002477,93,5.6,27.4667,68.0,3.42
Soe,38,ID,1632002477,90,-9.8607,124.284,63.48,4.45
Sayyan,33,YE,1632002478,27,15.1718,44.3244,63.93,5.46
Fort Nelson,100,CA,1632002442,72,58.8053,-122.7002,47.86,4.81
Kīhei,39,US,1632002479,87,20.785,-156.4656,81.66,12.21
Tarata,43,BO,1632002479,45,-17.6167,-66.0167,74.62,9.55
Mzimba,0,MW,1632002480,79,-11.9,33.6,63.46,8.39
Blacksburg,1,US,1632002321,63,37.2296,-80.4139,82.13,0.0
Ambon City,40,ID,1632002481,94,-3.6954,128.1814,73.54,1.14
Chardara,0,KZ,1632002481,38,41.2547,67.9692,70.09,10.18
Kavaratti,98,IN,1632002482,79,10.5669,72.642,81.39,10.42
Nabire,100,ID,1632002483,91,-3.3667,135.4833,75.54,3.51
Ostrovnoy,14,RU,1632002484,87,68.0531,39.5131,37.45,3.11
Coyhaique,86,CL,1632002484,86,-45.5752,-72.0662,41.61,5.88
Wasilla,90,US,1632002338,71,61.5814,-149.4394,54.66,0.0
Iqaluit,90,CA,1632002485,81,63.7506,-68.5145,37.13,9.22
Nālūt,0,LY,1632002485,16,30.3333,10.85,81.48,10.67
Ust-Nera,98,RU,1632002486,85,64.5667,143.2,42.17,10.6
Biak,98,ID,1632002486,80,-0.9131,122.8766,74.43,6.98
Barcelona,20,ES,1632002297,91,41.3888,2.159,72.54,6.91
Tucuruí,83,BR,1632002487,56,-3.7661,-49.6725,83.32,1.41
Heze,100,CN,1632002430,92,35.2431,115.4411,64.81,10.0
Alma,94,CA,1632002488,59,48.5501,-71.6491,61.11,9.24
Puerto Escondido,75,MX,1632002488,54,15.85,-97.0667,86.83,6.91
Shushenskoye,53,RU,1632002489,92,53.325,91.9356,46.08,2.68
Vilhena,97,BR,1632002489,35,-12.7406,-60.1458,84.07,1.9
Porosozero,100,RU,1632002490,70,62.7191,32.727,40.41,2.48
Nueva Concepción,11,GT,1632002490,73,14.2,-91.3,87.69,8.32
Kríkellos,6,GR,1632002490,77,38.95,21.1833,78.04,2.91
Arrondissement de Sens,100,FR,1632002491,80,48.1667,3.3333,63.73,11.3
Bereket,97,TM,1632002491,46,39.2446,55.5154,77.79,3.6
Longonjo,91,AO,1632002492,58,-12.9067,15.2533,71.29,4.56
Civitavecchia,69,IT,1632002492,74,42.0933,11.7967,74.32,2.46
Mossamedes,3,AO,1632002493,85,-15.1961,12.1522,60.3,7.81
Tabou,88,CI,1632002493,87,4.423,-7.3528,77.31,6.38
Agadir,0,MA,1632002273,86,30.4202,-9.5982,72.05,8.9
Ixtapa,84,MX,1632002494,80,20.7,-105.2,86.23,5.01
Dakar,38,SN,1632002494,80,14.6937,-17.4441,79.68,8.25
Torbay,1,CA,1632002495,88,47.6666,-52.7314,65.48,14.83
Nouakchott,94,MR,1632002495,74,18.0858,-15.9785,82.33,13.29
Okato,35,NZ,1632002495,67,-39.2,173.8833,49.42,7.74
Inza,99,RU,1632002496,82,53.8533,46.3586,35.47,1.83
Leh,0,IN,1632002496,28,34.1667,77.5833,58.1,3.85
Ulladulla,8,AU,1632002497,49,-35.35,150.4667,58.87,8.5
Gawler,13,AU,1632002497,84,-34.6,138.7333,53.11,9.93
Tukums,1,LV,1632002498,73,56.9669,23.1553,42.15,10.56
Dwārka,100,IN,1632002498,84,22.2394,68.9678,81.46,8.79
Mehamn,0,NO,1632002499,74,71.0357,27.8492,43.02,12.8
Morros,7,BR,1632002499,22,-9.4467,-46.3003,85.59,2.1
Bhīmavaram,100,IN,1632002500,90,16.5333,81.5333,76.37,4.56
Berdigestyakh,99,RU,1632002500,83,62.0989,126.6992,35.31,12.21
Haines Junction,100,CA,1632002500,69,60.7522,-137.5108,47.08,1.97
Alice Springs,40,AU,1632002295,71,-23.7,133.8833,54.95,5.75
Krasnosel'kup,73,RU,1632002501,90,65.7,82.4667,38.61,10.02
Punta Alta,90,AR,1632002501,81,-38.8759,-62.0736,55.67,9.98
Langsa,98,ID,1632002470,98,4.4683,97.9683,72.68,2.39
Shenjiamen,1,CN,1632002502,82,29.9576,122.298,73.74,10.63
Darnah,0,LY,1632002502,57,32.767,22.6367,78.82,11.3
Lata,3,PT,1632002503,92,40.1629,-8.3327,62.82,2.71
Cockburn Town,25,TC,1632002503,72,21.4612,-71.1419,82.9,15.84
Les Cayes,89,HT,1632002504,75,18.2,-73.75,83.08,4.27
Teluknaga,20,ID,1632002504,89,-6.0989,106.6381,78.98,6.91
Lokoja,29,NG,1632002505,94,7.8024,6.743,74.88,3.71
Picos,20,BR,1632002372,34,-7.0769,-41.4669,83.71,4.68
Hatillo,11,PR,1632002505,72,18.4863,-66.8254,85.01,12.33
Ko Samui,100,TH,1632002506,78,9.5357,99.9357,82.44,8.25
Taft,0,IR,1632002506,10,31.7471,54.2088,73.63,3.53
Sola,24,VU,1632002506,78,-13.8833,167.55,79.7,22.03
Pisco,19,PE,1632002507,85,-13.7,-76.2167,62.02,6.85
Mīzan Teferī,100,ET,1632002507,97,6.9833,35.5833,61.32,2.71
Kargil,0,IN,1632002508,57,34.5667,76.1,57.49,5.44
Tura,78,IN,1632002508,97,25.5198,90.2201,72.23,2.86
Tautira,66,PF,1632002509,79,-17.7333,-149.15,80.62,19.48
Japura,100,ID,1632002509,97,-0.3167,102.35,73.76,2.44
Paamiut,20,GL,1632002510,82,61.994,-49.6678,37.02,10.76
Bima,51,ID,1632002510,94,-8.4667,118.7167,72.7,3.49
Kampong Chhnang,92,KH,1632002511,88,12.1667,104.55,77.29,1.7
La Santisima Trinidad,39,BO,1632002511,28,-14.8333,-64.9,95.02,4.83
Honningsvåg,9,NO,1632002511,75,70.9821,25.9704,45.3,22.08
Umm Kaddadah,29,SD,1632002512,51,13.6017,26.6876,82.81,10.02
Saldanha,87,ZA,1632002512,87,-33.0117,17.9442,56.73,17.9
Chinsali,0,ZM,1632002513,46,-10.5414,32.0816,70.3,11.59
Polunochnoye,100,RU,1632002513,92,60.8697,60.4153,33.78,6.93
Winnemucca,20,US,1632002514,7,40.973,-117.7357,84.25,23.02
Saint-François,75,FR,1632002514,100,46.4154,3.9054,57.47,11.5
Gornopravdinsk,100,RU,1632002514,98,60.05,69.9,34.63,9.37
Isla Vista,1,US,1632002515,57,34.4133,-119.861,82.26,11.5
Diffa,21,NE,1632002474,37,13.3154,12.6113,86.31,7.87
Nieuw Amsterdam,37,SR,1632002515,79,5.8833,-55.0833,80.02,5.53
Bumba,100,CD,1632002516,97,2.1833,22.4667,70.0,2.86
Muros,17,ES,1632002516,91,42.7762,-9.0603,63.23,6.55
Bay Roberts,48,CA,1632002517,90,47.5999,-53.2648,66.24,3.0
Drumheller,100,CA,1632002341,35,51.4617,-112.7101,76.86,3.44
Osa,99,RU,1632002517,81,57.2829,55.4567,37.69,12.95
Craig,40,US,1632002518,22,40.5153,-107.5464,79.39,19.57
Carbonia,0,IT,1632002518,67,39.1672,8.5222,73.99,3.65
Senneterre,72,CA,1632002519,61,48.3835,-77.2328,57.18,7.72
Xai-Xai,52,MZ,1632002519,60,-25.0519,33.6442,61.7,3.85
Leningradskiy,55,RU,1632002520,84,69.3833,178.4167,26.42,15.61
Masvingo,4,ZW,1632002520,71,-20.0637,30.8277,55.02,8.23
Vera Cruz,0,BR,1632002494,29,-12.6333,-41.0333,72.95,4.59
Muisne,98,EC,1632002521,86,0.6,-80.0333,75.6,11.01
Islamkot,100,PK,1632002521,74,24.6997,70.177,80.04,12.15
Bhola District,100,BD,1632002521,90,22.6833,90.65,78.55,7.16
Sukumo,9,JP,1632002522,87,32.9333,132.7333,70.65,3.29
Ranong,98,TH,1632002523,89,9.9658,98.6348,77.88,3.58
Maţāy,0,EG,1632002523,46,28.419,30.7792,79.47,14.76
Chapais,100,CA,1632002523,72,49.7834,-74.8492,48.85,6.62
Washington,98,US,1632002412,56,47.5001,-120.5015,61.65,2.73
Najrān,10,SA,1632002524,16,17.4924,44.1277,75.52,4.54
Paraíba do Sul,20,BR,1632002525,76,-22.1619,-43.2928,70.68,4.09
Wanaka,100,NZ,1632002525,77,-44.7,169.15,46.49,8.1
Port Moresby,93,PG,1632002526,81,-9.4431,147.1797,79.11,12.19
Monrovia,100,LR,1632002526,88,6.3005,-10.7969,76.84,3.09
Vao,59,NC,1632002527,64,-22.6667,167.4833,68.94,18.03
Banepā,20,NP,1632002527,94,27.6298,85.5214,68.32,0.0
Nisibis,0,TR,1632002528,28,37.0778,41.2178,75.49,4.59
Ibrā’,8,OM,1632002528,65,22.6906,58.5334,80.1,4.38
Skibbereen,100,IE,1632002528,90,51.55,-9.2667,57.0,13.69
Ayní,0,TJ,1632002529,27,39.3941,68.5377,66.09,3.6
San Luis,0,AR,1632002529,34,-33.295,-66.3356,73.44,0.74
Aksu,0,CN,1632002530,31,41.1231,80.2644,70.59,3.31
Saint-Joseph,89,RE,1632002530,85,-21.3667,55.6167,66.58,14.67
Henties Bay,1,NA,1632002531,91,-22.116,14.2845,55.85,5.84
Ilawe,49,NG,1632002531,98,7.8667,4.4333,71.46,3.85
Ruteng,68,ID,1632002532,82,-8.6136,120.4721,58.32,1.34
Progreso,77,MX,1632002532,75,21.2833,-89.6667,92.1,15.59
Mindelo,40,CV,1632002532,74,16.8901,-24.9804,80.15,17.27
Havre-St-Pierre,96,CA,1632002454,71,50.2334,-63.5986,58.05,15.68
Hualmay,12,PE,1632002533,74,-11.0964,-77.6139,64.29,9.1
Brae,69,GB,1632002533,96,60.3964,-1.353,55.31,11.74
Zhigansk,100,RU,1632002534,68,66.7697,123.3711,33.84,14.14
Saint-Augustin,74,CA,1632002535,73,51.226,-58.6502,64.18,18.12
Lagoa,35,PT,1632002535,65,39.05,-27.9833,66.47,10.36
Ust-Tsilma,100,RU,1632002535,75,65.441,52.1498,37.11,11.36
Beira,24,MZ,1632002536,60,-19.8436,34.8389,70.63,11.5
Los Llanos de Aridane,20,ES,1632002536,77,28.6585,-17.9182,73.15,8.05
Zabul Province,0,AF,1632002537,11,32.25,67.25,67.55,6.49
Ode,39,NG,1632002537,98,7.7899,5.7117,70.2,4.65
Sharanga,76,RU,1632002538,70,57.1775,46.5396,35.71,5.44
Mpwapwa,27,TZ,1632002538,64,-6.35,36.4833,65.44,3.78
Atbasar,48,KZ,1632002538,78,51.8,68.3333,40.03,12.46
Sandwick,90,GB,1632002539,100,60.0,-1.25,55.22,5.75
Sembakung,100,ID,1632002539,99,3.8167,117.25,72.72,3.22
Kingisepp,99,RU,1632002540,82,59.3733,28.6134,40.89,7.18
Samarai,99,PG,1632002540,87,-10.6167,150.6667,78.49,21.32
Nyanza,100,RW,1632002541,92,-2.3519,29.7509,60.78,4.32
Slovenske Konjice,0,SI,1632002541,88,46.3367,15.4258,55.04,1.99
Fairbanks,52,US,1632002408,56,64.8378,-147.7164,46.6,1.01
Chumikan,90,RU,1632002542,67,54.7183,135.315,43.59,21.43
Stromness,63,GB,1632002542,92,58.965,-3.296,55.65,7.0
Loreto,72,MX,1632002543,50,22.2667,-101.9667,72.59,16.42
Khromtau,0,KZ,1632002543,65,50.2503,58.4347,37.85,8.7
Thayetmyo,100,MM,1632002544,99,19.3167,95.1833,73.83,4.52
Porto Santo,75,PT,1632002544,68,33.072,-16.3415,71.98,11.5
Mandera,26,KE,1632002545,52,3.9366,41.867,80.73,19.26
Sigayevo,49,RU,1632002545,89,56.4216,53.7757,34.84,11.07
Nome,88,US,1632002546,77,64.5011,-165.4064,47.16,15.64
Yangi Marg`ilon,0,UZ,1632002546,14,40.4272,71.7189,65.62,1.74
Khartoum,91,SD,1632002520,20,15.5518,32.5324,90.99,3.44
Whitehorse,98,CA,1632002547,62,60.7161,-135.0538,49.1,4.43
Vega de Alatorre,99,MX,1632002547,72,20.0333,-96.6333,83.93,11.05
Boyolangu,95,ID,1632002548,94,-8.1181,111.8935,73.65,3.83
Calama,100,CL,1632002419,10,-22.4667,-68.9333,68.77,11.18
Rocha,0,UY,1632002548,95,-34.4833,-54.3333,56.48,6.46
Boca do Acre,81,BR,1632002549,60,-8.7522,-67.3978,83.91,2.15
Coolum Beach,51,AU,1632002549,64,-26.5333,153.1,69.33,7.87
Abashiri,26,JP,1632002549,91,44.0213,144.2697,59.34,6.87
Loukhi,100,RU,1632002550,76,66.0764,33.0381,41.11,3.13
Hauknes,98,NO,1632002550,84,66.2833,14.0667,42.8,4.43
San Jerónimo,81,PE,1632002551,51,-11.9472,-75.2829,59.86,9.19
Taoudenni,8,ML,1632002551,11,22.6783,-3.9836,99.93,9.22
Hervey Bay,12,AU,1632002552,70,-25.2986,152.8535,66.29,2.86
Guerrero Negro,3,MX,1632002552,62,27.9769,-114.0611,76.15,20.18
Padang,100,ID,1632002553,96,-0.9492,100.3543,74.7,3.58
Villanueva,75,HN,1632002553,62,15.3167,-88.0,89.04,12.66
Vondrozo,3,MG,1632002554,81,-22.8167,47.2833,54.7,3.65
Rudnichnyy,100,RU,1632002554,85,59.617,52.4703,36.14,10.11
Hobyo,84,SO,1632002555,89,5.3505,48.5268,77.68,25.05
Virginia Beach,3,US,1632002396,70,36.8529,-75.978,84.42,1.81
Kismayo,28,SO,1632002555,86,-0.3582,42.5454,76.46,14.41
Manzhouli,5,CN,1632002556,66,49.6,117.4333,38.53,3.71
Puerto El Triunfo,69,SV,1632002556,69,13.2833,-88.55,84.7,4.83
Muzhi,100,RU,1632002557,82,65.3667,64.6667,33.91,23.62
Paragominas,91,BR,1632002557,76,-2.9667,-47.4833,76.66,4.05
Caconda,88,AO,1632002558,67,-13.7333,15.0667,65.01,4.32
Karabük,78,TR,1632002537,85,41.2049,32.6277,64.69,2.17
Ilabaya,28,PE,1632002558,41,-17.4208,-70.5133,69.67,5.23
Bollnäs,96,SE,1632002559,98,61.3482,16.3946,45.12,1.74
Waingapu,62,ID,1632002559,85,-9.6567,120.2641,75.31,7.65
North Bend,90,US,1632002560,91,43.4065,-124.2243,66.24,19.57
Pointe Michel,93,DM,1632002560,67,15.25,-61.3833,82.35,4.88
Partāpur,100,IN,1632002561,97,23.6,74.1667,76.06,7.9
La Asuncion,94,VE,1632002561,74,11.0333,-63.8628,81.57,11.97
Arlit,1,NE,1632002562,13,18.7369,7.3853,95.49,6.58
Prijepolje,26,RS,1632002562,95,43.3719,19.6406,54.68,3.24
Fillmore,1,US,1632002443,35,43.6666,-92.1002,79.79,9.22
Quryq,3,KZ,1632002563,34,43.2,51.65,63.41,11.56
Kaseda-shirakame,4,JP,1632002563,81,31.4167,130.3167,72.7,2.37
Punalūr,100,IN,1632002423,98,9.0,76.9333,80.28,0.81
Sovetskiy,100,RU,1632002564,97,61.3614,63.5842,33.84,13.71
Manggar,89,ID,1632002564,74,-2.8833,108.2667,81.27,13.22
Lubango,2,AO,1632002401,54,-14.9172,13.4925,61.79,3.31
Torrington,25,US,1632002565,80,41.8007,-73.1212,79.95,6.78
Pathein,80,MM,1632002566,94,16.7833,94.7333,75.4,3.96
Gainesville,75,US,1632002418,76,29.6516,-82.3248,83.71,8.05
Ishigaki,5,JP,1632002566,72,24.3448,124.1572,83.44,5.61
Hengyang,13,CN,1632002369,75,26.8881,112.615,79.21,4.63
Berlevåg,0,NO,1632002567,76,70.8578,29.0864,42.75,18.01
Lydenburg,0,ZA,1632002567,89,-25.0978,30.4597,48.27,1.48
Nyurba,12,RU,1632002568,89,63.2842,118.3319,27.32,3.62
Riobamba,94,EC,1632002276,73,-1.6667,-78.6333,57.02,7.49
Sucre,92,BO,1632002568,38,-19.0333,-65.2627,69.64,16.33
Litovko,95,RU,1632002569,59,49.2361,135.1742,47.97,15.9
Mgachi,62,RU,1632002569,61,51.05,142.2667,50.61,13.78
Rosarno,77,IT,1632002570,51,38.4841,15.979,82.62,4.7
Cidreira,49,BR,1632002570,96,-30.1811,-50.2056,64.94,5.66
Bagnols-sur-Cèze,90,FR,1632002570,73,44.1599,4.6178,69.66,2.3
Belle Fourche,0,US,1632002571,2,44.6714,-103.8522,98.06,20.15
Arman',100,RU,1632002571,97,59.7,150.1667,46.36,6.89
Ambulu,79,ID,1632002572,90,-8.345,113.6058,73.65,2.86
Hammerfest,100,NO,1632002572,75,70.6634,23.6821,43.25,6.91
Shubarshi,20,KZ,1632002573,59,48.5872,57.1869,41.14,5.73
Morondava,54,MG,1632002573,57,-20.2833,44.2833,69.58,17.63
Jati,16,PK,1632002574,78,24.3539,68.2671,83.35,13.09
Lingao,4,CN,1632002574,83,19.9103,109.6859,78.4,5.5
Houma,40,US,1632002384,73,29.5958,-90.7195,88.0,8.03
